Workbook

Sheet Responses
A1: Submitted At | B1: Student Name | C1: Class | D1: Group | E1: Question No | F1: Question | G1: Selected Answer | H1: Correct Answer | I1: Result | J1: Time Taken (sec) | K1: Difficulty | L1: Questions Attempted | M1: High Difficulty - Correct | N1: High Difficulty - Wrong | O1: High Difficulty - Time (s) | P1: Medium Difficulty - Correct | Q1: Medium Difficulty - Wrong | R1: Medium Difficulty - Time (s) | S1: Low Difficulty - Correct | T1: Low Difficulty - Wrong | U1: Low Difficulty - Time (s) | V1: Total Reward | W1: Medal | X1: Mark out of 100 | Y1: Revised Difficulty | Z1: Time Factor | AA1: Initial Reward | AB1: Recalibrated Reward
A2: 2026-10-12 12:01:15 | B2: Aarav Sharma | C2: 11 | D2: Mathematics-Biology | E2: 1 | F2: What is 25% of 240? | G2: C. 60 | H2: C. 60 | I2: Correct | J2: 1.34 | K2: Low | L2: =INDEX(Summary!$F$2:$F$201,MATCH($B2,Summary!$A$2:$A$201,0)) -> 20 | M2: =INDEX(Summary!$I$2:$I$201,MATCH($B2,Summary!$A$2:$A$201,0)) -> 2 | N2: =INDEX(Summary!$J$2:$J$201,MATCH($B2,Summary!$A$2:$A$201,0)) -> 3 | O2: =INDEX(Summary!$K$2:$K$201,MATCH($B2,Summary!$A$2:$A$201,0)) -> 11.14 | P2: =INDEX(Summary!$L$2:$L$201,MATCH($B2,Summary!$A$2:$A$201,0)) -> 5 | Q2: =INDEX(Summary!$M$2:$M$201,MATCH($B2,Summary!$A$2:$A$201,0)) -> 1 | R2: =INDEX(Summary!$N$2:$N$201,MATCH($B2,Summary!$A$2:$A$201,0)) -> 9.93 | S2: =INDEX(Summary!$O$2:$O$201,MATCH($B2,Summary!$A$2:$A$201,0)) -> 4 | T2: =INDEX(Summary!$P$2:$P$201,MATCH($B2,Summary!$A$2:$A$201,0)) -> 5 | U2: =INDEX(Summary!$Q$2:$Q$201,MATCH($B2,Summary!$A$2:$A$201,0)) -> 13.41 | V2: =INDEX(Summary!$R$2:$R$201,MATCH($B2,Summary!$A$2:$A$201,0)) -> 21 | W2: =INDEX(Summary!$S$2:$S$201,MATCH($B2,Summary!$A$2:$A$201,0)) -> Silver | X2: =INDEX(Summary!$T$2:$T$201,MATCH($B2,Summary!$A$2:$A$201,0)) -> 51.22 | Y2: =INDEX('Reward Model'!$E$18:$E$37,MATCH($E2,'Reward Model'!$A$18:$A$37,0)) -> Medium | Z2: =ROUND(MIN(1,MAX('Reward Model'!$B$2,INDEX('Reward Model'!$C$12:$C$14,MATCH($K2,'Reward Model'!$A$12:$A$14,0))/$J2)),3) -> 1 | AA2: =IF($I2="Correct",ROUND(INDEX('Reward Model'!$B$12:$B$14,MATCH($K2,'Reward Model'!$A$12:$A$14,0))*Z2,2),0) -> 1 | AB2: =IF($I2="Correct",ROUND(INDEX('Reward Model'!$B$12:$B$14,MATCH($Y2,'Reward Model'!$A$12:$A$14,0))*Z2,2),0) -> 2
A3: 2026-10-12 12:01:15 | B3: Aarav Sharma | C3: 11 | D3: Mathematics-Biology | E3: 2 | F3: If x + 7 = 19, what is the value of x? | G3: C. 14 | H3: B. 12 | I3: Wrong | J3: 1.98 | K3: Low | L3: =INDEX(Summary!$F$2:$F$201,MATCH($B3,Summary!$A$2:$A$201,0)) -> 20 | M3: =INDEX(Summary!$I$2:$I$201,MATCH($B3,Summary!$A$2:$A$201,0)) -> 2 | N3: =INDEX(Summary!$J$2:$J$201,MATCH($B3,Summary!$A$2:$A$201,0)) -> 3 | O3: =INDEX(Summary!$K$2:$K$201,MATCH($B3,Summary!$A$2:$A$201,0)) -> 11.14 | P3: =INDEX(Summary!$L$2:$L$201,MATCH($B3,Summary!$A$2:$A$201,0)) -> 5 | Q3: =INDEX(Summary!$M$2:$M$201,MATCH($B3,Summary!$A$2:$A$201,0)) -> 1 | R3: =INDEX(Summary!$N$2:$N$201,MATCH($B3,Summary!$A$2:$A$201,0)) -> 9.93 | S3: =INDEX(Summary!$O$2:$O$201,MATCH($B3,Summary!$A$2:$A$201,0)) -> 4 | T3: =INDEX(Summary!$P$2:$P$201,MATCH($B3,Summary!$A$2:$A$201,0)) -> 5 | U3: =INDEX(Summary!$Q$2:$Q$201,MATCH($B3,Summary!$A$2:$A$201,0)) -> 13.41 | V3: =INDEX(Summary!$R$2:$R$201,MATCH($B3,Summary!$A$2:$A$201,0)) -> 21 | W3: =INDEX(Summary!$S$2:$S$201,MATCH($B3,Summary!$A$2:$A$201,0)) -> Silver | X3: =INDEX(Summary!$T$2:$T$201,MATCH($B3,Summary!$A$2:$A$201,0)) -> 51.22 | Y3: =INDEX('Reward Model'!$E$18:$E$37,MATCH($E3,'Reward Model'!$A$18:$A$37,0)) -> Low | Z3: =ROUND(MIN(1,MAX('Reward Model'!$B$2,INDEX('Reward Model'!$C$12:$C$14,MATCH($K3,'Reward Model'!$A$12:$A$14,0))/$J3)),3) -> 0.758 | AA3: =IF($I3="Correct",ROUND(INDEX('Reward Model'!$B$12:$B$14,MATCH($K3,'Reward Model'!$A$12:$A$14,0))*Z3,2),0) -> 0 | AB3: =IF($I3="Correct",ROUND(INDEX('Reward Model'!$B$12:$B$14,MATCH($Y3,'Reward Model'!$A$12:$A$14,0))*Z3,2),0) -> 0
A4: 2026-10-12 12:01:15 | B4: Aarav Sharma | C4: 11 | D4: Mathematics-Biology | E4: 3 | F4: Find the average of 12, 18, 20, and 30. | G4: B. 19 | H4: C. 20 | I4: Wrong | J4: 1.79 | K4: Low | L4: =INDEX(Summary!$F$2:$F$201,MATCH($B4,Summary!$A$2:$A$201,0)) -> 20 | M4: =INDEX(Summary!$I$2:$I$201,MATCH($B4,Summary!$A$2:$A$201,0)) -> 2 | N4: =INDEX(Summary!$J$2:$J$201,MATCH($B4,Summary!$A$2:$A$201,0)) -> 3 | O4: =INDEX(Summary!$K$2:$K$201,MATCH($B4,Summary!$A$2:$A$201,0)) -> 11.14 | P4: =INDEX(Summary!$L$2:$L$201,MATCH($B4,Summary!$A$2:$A$201,0)) -> 5 | Q4: =INDEX(Summary!$M$2:$M$201,MATCH($B4,Summary!$A$2:$A$201,0)) -> 1 | R4: =INDEX(Summary!$N$2:$N$201,MATCH($B4,Summary!$A$2:$A$201,0)) -> 9.93 | S4: =INDEX(Summary!$O$2:$O$201,MATCH($B4,Summary!$A$2:$A$201,0)) -> 4 | T4: =INDEX(Summary!$P$2:$P$201,MATCH($B4,Summary!$A$2:$A$201,0)) -> 5 | U4: =INDEX(Summary!$Q$2:$Q$201,MATCH($B4,Summary!$A$2:$A$201,0)) -> 13.41 | V4: =INDEX(Summary!$R$2:$R$201,MATCH($B4,Summary!$A$2:$A$201,0)) -> 21 | W4: =INDEX(Summary!$S$2:$S$201,MATCH($B4,Summary!$A$2:$A$201,0)) -> Silver | X4: =INDEX(Summary!$T$2:$T$201,MATCH($B4,Summary!$A$2:$A$201,0)) -> 51.22 | Y4: =INDEX('Reward Model'!$E$18:$E$37,MATCH($E4,'Reward Model'!$A$18:$A$37,0)) -> Medium | Z4: =ROUND(MIN(1,MAX('Reward Model'!$B$2,INDEX('Reward Model'!$C$12:$C$14,MATCH($K4,'Reward Model'!$A$12:$A$14,0))/$J4)),3) -> 0.838 | AA4: =IF($I4="Correct",ROUND(INDEX('Reward Model'!$B$12:$B$14,MATCH($K4,'Reward Model'!$A$12:$A$14,0))*Z4,2),0) -> 0 | AB4: =IF($I4="Correct",ROUND(INDEX('Reward Model'!$B$12:$B$14,MATCH($Y4,'Reward Model'!$A$12:$A$14,0))*Z4,2),0) -> 0
A5: 2026-10-12 12:01:15 | B5: Aarav Sharma | C5: 11 | D5: Mathematics-Biology | E5: 4 | F5: A book costs ₹400. If its price increases by 10%, what is the new price? | G5: D. ₹450 | H5: C. ₹440 | I5: Wrong | J5: 1.46 | K5: Low | L5: =INDEX(Summary!$F$2:$F$201,MATCH($B5,Summary!$A$2:$A$201,0)) -> 20 | M5: =INDEX(Summary!$I$2:$I$201,MATCH($B5,Summary!$A$2:$A$201,0)) -> 2 | N5: =INDEX(Summary!$J$2:$J$201,MATCH($B5,Summary!$A$2:$A$201,0)) -> 3 | O5: =INDEX(Summary!$K$2:$K$201,MATCH($B5,Summary!$A$2:$A$201,0)) -> 11.14 | P5: =INDEX(Summary!$L$2:$L$201,MATCH($B5,Summary!$A$2:$A$201,0)) -> 5 | Q5: =INDEX(Summary!$M$2:$M$201,MATCH($B5,Summary!$A$2:$A$201,0)) -> 1 | R5: =INDEX(Summary!$N$2:$N$201,MATCH($B5,Summary!$A$2:$A$201,0)) -> 9.93 | S5: =INDEX(Summary!$O$2:$O$201,MATCH($B5,Summary!$A$2:$A$201,0)) -> 4 | T5: =INDEX(Summary!$P$2:$P$201,MATCH($B5,Summary!$A$2:$A$201,0)) -> 5 | U5: =INDEX(Summary!$Q$2:$Q$201,MATCH($B5,Summary!$A$2:$A$201,0)) -> 13.41 | V5: =INDEX(Summary!$R$2:$R$201,MATCH($B5,Summary!$A$2:$A$201,0)) -> 21 | W5: =INDEX(Summary!$S$2:$S$201,MATCH($B5,Summary!$A$2:$A$201,0)) -> Silver | X5: =INDEX(Summary!$T$2:$T$201,MATCH($B5,Summary!$A$2:$A$201,0)) -> 51.22 | Y5: =INDEX('Reward Model'!$E$18:$E$37,MATCH($E5,'Reward Model'!$A$18:$A$37,0)) -> Low | Z5: =ROUND(MIN(1,MAX('Reward Model'!$B$2,INDEX('Reward Model'!$C$12:$C$14,MATCH($K5,'Reward Model'!$A$12:$A$14,0))/$J5)),3) -> 1 | AA5: =IF($I5="Correct",ROUND(INDEX('Reward Model'!$B$12:$B$14,MATCH($K5,'Reward Model'!$A$12:$A$14,0))*Z5,2),0) -> 0 | AB5: =IF($I5="Correct",ROUND(INDEX('Reward Model'!$B$12:$B$14,MATCH($Y5,'Reward Model'!$A$12:$A$14,0))*Z5,2),0) -> 0
A6: 2026-10-12 12:01:15 | B6: Aarav Sharma | C6: 11 | D6: Mathematics-Biology | E6: 5 | F6: What is the value of 3³ + 2²? | G6: C. 31 | H6: C. 31 | I6: Correct | J6: 0.98 | K6: Low | L6: =INDEX(Summary!$F$2:$F$201,MATCH($B6,Summary!$A$2:$A$201,0)) -> 20 | M6: =INDEX(Summary!$I$2:$I$201,MATCH($B6,Summary!$A$2:$A$201,0)) -> 2 | N6: =INDEX(Summary!$J$2:$J$201,MATCH($B6,Summary!$A$2:$A$201,0)) -> 3 | O6: =INDEX(Summary!$K$2:$K$201,MATCH($B6,Summary!$A$2:$A$201,0)) -> 11.14 | P6: =INDEX(Summary!$L$2:$L$201,MATCH($B6,Summary!$A$2:$A$201,0)) -> 5 | Q6: =INDEX(Summary!$M$2:$M$201,MATCH($B6,Summary!$A$2:$A$201,0)) -> 1 | R6: =INDEX(Summary!$N$2:$N$201,MATCH($B6,Summary!$A$2:$A$201,0)) -> 9.93 | S6: =INDEX(Summary!$O$2:$O$201,MATCH($B6,Summary!$A$2:$A$201,0)) -> 4 | T6: =INDEX(Summary!$P$2:$P$201,MATCH($B6,Summary!$A$2:$A$201,0)) -> 5 | U6: =INDEX(Summary!$Q$2:$Q$201,MATCH($B6,Summary!$A$2:$A$201,0)) -> 13.41 | V6: =INDEX(Summary!$R$2:$R$201,MATCH($B6,Summary!$A$2:$A$201,0)) -> 21 | W6: =INDEX(Summary!$S$2:$S$201,MATCH($B6,Summary!$A$2:$A$201,0)) -> Silver | X6: =INDEX(Summary!$T$2:$T$201,MATCH($B6,Summary!$A$2:$A$201,0)) -> 51.22 | Y6: =INDEX('Reward Model'!$E$18:$E$37,MATCH($E6,'Reward Model'!$A$18:$A$37,0)) -> Low | Z6: =ROUND(MIN(1,MAX('Reward Model'!$B$2,INDEX('Reward Model'!$C$12:$C$14,MATCH($K6,'Reward Model'!$A$12:$A$14,0))/$J6)),3) -> 1 | AA6: =IF($I6="Correct",ROUND(INDEX('Reward Model'!$B$12:$B$14,MATCH($K6,'Reward Model'!$A$12:$A$14,0))*Z6,2),0) -> 1 | AB6: =IF($I6="Correct",ROUND(INDEX('Reward Model'!$B$12:$B$14,MATCH($Y6,'Reward Model'!$A$12:$A$14,0))*Z6,2),0) -> 1
A7: 2026-10-12 12:01:15 | B7: Aarav Sharma | C7: 11 | D7: Mathematics-Biology | E7: 6 | F7: A car travels 120 km in 3 hours. What is its average speed? | G7: C. 40 km/h | H7: C. 40 km/h | I7: Correct | J7: 1.27 | K7: Low | L7: =INDEX(Summary!$F$2:$F$201,MATCH($B7,Summary!$A$2:$A$201,0)) -> 20 | M7: =INDEX(Summary!$I$2:$I$201,MATCH($B7,Summary!$A$2:$A$201,0)) -> 2 | N7: =INDEX(Summary!$J$2:$J$201,MATCH($B7,Summary!$A$2:$A$201,0)) -> 3 | O7: =INDEX(Summary!$K$2:$K$201,MATCH($B7,Summary!$A$2:$A$201,0)) -> 11.14 | P7: =INDEX(Summary!$L$2:$L$201,MATCH($B7,Summary!$A$2:$A$201,0)) -> 5 | Q7: =INDEX(Summary!$M$2:$M$201,MATCH($B7,Summary!$A$2:$A$201,0)) -> 1 | R7: =INDEX(Summary!$N$2:$N$201,MATCH($B7,Summary!$A$2:$A$201,0)) -> 9.93 | S7: =INDEX(Summary!$O$2:$O$201,MATCH($B7,Summary!$A$2:$A$201,0)) -> 4 | T7: =INDEX(Summary!$P$2:$P$201,MATCH($B7,Summary!$A$2:$A$201,0)) -> 5 | U7: =INDEX(Summary!$Q$2:$Q$201,MATCH($B7,Summary!$A$2:$A$201,0)) -> 13.41 | V7: =INDEX(Summary!$R$2:$R$201,MATCH($B7,Summary!$A$2:$A$201,0)) -> 21 | W7: =INDEX(Summary!$S$2:$S$201,MATCH($B7,Summary!$A$2:$A$201,0)) -> Silver | X7: =INDEX(Summary!$T$2:$T$201,MATCH($B7,Summary!$A$2:$A$201,0)) -> 51.22 | Y7: =INDEX('Reward Model'!$E$18:$E$37,MATCH($E7,'Reward Model'!$A$18:$A$37,0)) -> Medium | Z7: =ROUND(MIN(1,MAX('Reward Model'!$B$2,INDEX('Reward Model'!$C$12:$C$14,MATCH($K7,'Reward Model'!$A$12:$A$14,0))/$J7)),3) -> 1 | AA7: =IF($I7="Correct",ROUND(INDEX('Reward Model'!$B$12:$B$14,MATCH($K7,'Reward Model'!$A$12:$A$14,0))*Z7,2),0) -> 1 | AB7: =IF($I7="Correct",ROUND(INDEX('Reward Model'!$B$12:$B$14,MATCH($Y7,'Reward Model'!$A$12:$A$14,0))*Z7,2),0) -> 2
A8: 2026-10-12 12:01:15 | B8: Aarav Sharma | C8: 11 | D8: Mathematics-Biology | E8: 7 | F8: What is the probability of getting an even number when rolling a fair six-sided die? | G8: C. 1/2 | H8: C. 1/2 | I8: Correct | J8: 1.51 | K8: Low | L8: =INDEX(Summary!$F$2:$F$201,MATCH($B8,Summary!$A$2:$A$201,0)) -> 20 | M8: =INDEX(Summary!$I$2:$I$201,MATCH($B8,Summary!$A$2:$A$201,0)) -> 2 | N8: =INDEX(Summary!$J$2:$J$201,MATCH($B8,Summary!$A$2:$A$201,0)) -> 3 | O8: =INDEX(Summary!$K$2:$K$201,MATCH($B8,Summary!$A$2:$A$201,0)) -> 11.14 | P8: =INDEX(Summary!$L$2:$L$201,MATCH($B8,Summary!$A$2:$A$201,0)) -> 5 | Q8: =INDEX(Summary!$M$2:$M$201,MATCH($B8,Summary!$A$2:$A$201,0)) -> 1 | R8: =INDEX(Summary!$N$2:$N$201,MATCH($B8,Summary!$A$2:$A$201,0)) -> 9.93 | S8: =INDEX(Summary!$O$2:$O$201,MATCH($B8,Summary!$A$2:$A$201,0)) -> 4 | T8: =INDEX(Summary!$P$2:$P$201,MATCH($B8,Summary!$A$2:$A$201,0)) -> 5 | U8: =INDEX(Summary!$Q$2:$Q$201,MATCH($B8,Summary!$A$2:$A$201,0)) -> 13.41 | V8: =INDEX(Summary!$R$2:$R$201,MATCH($B8,Summary!$A$2:$A$201,0)) -> 21 | W8: =INDEX(Summary!$S$2:$S$201,MATCH($B8,Summary!$A$2:$A$201,0)) -> Silver | X8: =INDEX(Summary!$T$2:$T$201,MATCH($B8,Summary!$A$2:$A$201,0)) -> 51.22 | Y8: =INDEX('Reward Model'!$E$18:$E$37,MATCH($E8,'Reward Model'!$A$18:$A$37,0)) -> Low | Z8: =ROUND(MIN(1,MAX('Reward Model'!$B$2,INDEX('Reward Model'!$C$12:$C$14,MATCH($K8,'Reward Model'!$A$12:$A$14,0))/$J8)),3) -> 0.993 | AA8: =IF($I8="Correct",ROUND(INDEX('Reward Model'!$B$12:$B$14,MATCH($K8,'Reward Model'!$A$12:$A$14,0))*Z8,2),0) -> 0.99 | AB8: =IF($I8="Correct",ROUND(INDEX('Reward Model'!$B$12:$B$14,MATCH($Y8,'Reward Model'!$A$12:$A$14,0))*Z8,2),0) -> 0.99
A9: 2026-10-12 12:01:15 | B9: Aarav Sharma | C9: 11 | D9: Mathematics-Biology | E9: 8 | F9: Find the next number in the sequence: 5, 10, 15, 20, ___. | G9: B. 24 | H9: C. 25 | I9: Wrong | J9: 1.22 | K9: Low | L9: =INDEX(Summary!$F$2:$F$201,MATCH($B9,Summary!$A$2:$A$201,0)) -> 20 | M9: =INDEX(Summary!$I$2:$I$201,MATCH($B9,Summary!$A$2:$A$201,0)) -> 2 | N9: =INDEX(Summary!$J$2:$J$201,MATCH($B9,Summary!$A$2:$A$201,0)) -> 3 | O9: =INDEX(Summary!$K$2:$K$201,MATCH($B9,Summary!$A$2:$A$201,0)) -> 11.14 | P9: =INDEX(Summary!$L$2:$L$201,MATCH($B9,Summary!$A$2:$A$201,0)) -> 5 | Q9: =INDEX(Summary!$M$2:$M$201,MATCH($B9,Summary!$A$2:$A$201,0)) -> 1 | R9: =INDEX(Summary!$N$2:$N$201,MATCH($B9,Summary!$A$2:$A$201,0)) -> 9.93 | S9: =INDEX(Summary!$O$2:$O$201,MATCH($B9,Summary!$A$2:$A$201,0)) -> 4 | T9: =INDEX(Summary!$P$2:$P$201,MATCH($B9,Summary!$A$2:$A$201,0)) -> 5 | U9: =INDEX(Summary!$Q$2:$Q$201,MATCH($B9,Summary!$A$2:$A$201,0)) -> 13.41 | V9: =INDEX(Summary!$R$2:$R$201,MATCH($B9,Summary!$A$2:$A$201,0)) -> 21 | W9: =INDEX(Summary!$S$2:$S$201,MATCH($B9,Summary!$A$2:$A$201,0)) -> Silver | X9: =INDEX(Summary!$T$2:$T$201,MATCH($B9,Summary!$A$2:$A$201,0)) -> 51.22 | Y9: =INDEX('Reward Model'!$E$18:$E$37,MATCH($E9,'Reward Model'!$A$18:$A$37,0)) -> Medium | Z9: =ROUND(MIN(1,MAX('Reward Model'!$B$2,INDEX('Reward Model'!$C$12:$C$14,MATCH($K9,'Reward Model'!$A$12:$A$14,0))/$J9)),3) -> 1 | AA9: =IF($I9="Correct",ROUND(INDEX('Reward Model'!$B$12:$B$14,MATCH($K9,'Reward Model'!$A$12:$A$14,0))*Z9,2),0) -> 0 | AB9: =IF($I9="Correct",ROUND(INDEX('Reward Model'!$B$12:$B$14,MATCH($Y9,'Reward Model'!$A$12:$A$14,0))*Z9,2),0) -> 0
A10: 2026-10-12 12:01:15 | B10: Aarav Sharma | C10: 11 | D10: Mathematics-Biology | E10: 9 | F10: What is the value of sin 30° + cos 60°? | G10: A. 0 | H10: C. 1 | I10: Wrong | J10: 1.86 | K10: Low | L10: =INDEX(Summary!$F$2:$F$201,MATCH($B10,Summary!$A$2:$A$201,0)) -> 20 | M10: =INDEX(Summary!$I$2:$I$201,MATCH($B10,Summary!$A$2:$A$201,0)) -> 2 | N10: =INDEX(Summary!$J$2:$J$201,MATCH($B10,Summary!$A$2:$A$201,0)) -> 3 | O10: =INDEX(Summary!$K$2:$K$201,MATCH($B10,Summary!$A$2:$A$201,0)) -> 11.14 | P10: =INDEX(Summary!$L$2:$L$201,MATCH($B10,Summary!$A$2:$A$201,0)) -> 5 | Q10: =INDEX(Summary!$M$2:$M$201,MATCH($B10,Summary!$A$2:$A$201,0)) -> 1 | R10: =INDEX(Summary!$N$2:$N$201,MATCH($B10,Summary!$A$2:$A$201,0)) -> 9.93 | S10: =INDEX(Summary!$O$2:$O$201,MATCH($B10,Summary!$A$2:$A$201,0)) -> 4 | T10: =INDEX(Summary!$P$2:$P$201,MATCH($B10,Summary!$A$2:$A$201,0)) -> 5 | U10: =INDEX(Summary!$Q$2:$Q$201,MATCH($B10,Summary!$A$2:$A$201,0)) -> 13.41 | V10: =INDEX(Summary!$R$2:$R$201,MATCH($B10,Summary!$A$2:$A$201,0)) -> 21 | W10: =INDEX(Summary!$S$2:$S$201,MATCH($B10,Summary!$A$2:$A$201,0)) -> Silver | X10: =INDEX(Summary!$T$2:$T$201,MATCH($B10,Summary!$A$2:$A$201,0)) -> 51.22 | Y10: =INDEX('Reward Model'!$E$18:$E$37,MATCH($E10,'Reward Model'!$A$18:$A$37,0)) -> Medium | Z10: =ROUND(MIN(1,MAX('Reward Model'!$B$2,INDEX('Reward Model'!$C$12:$C$14,MATCH($K10,'Reward Model'!$A$12:$A$14,0))/$J10)),3) -> 0.806 | AA10: =IF($I10="Correct",ROUND(INDEX('Reward Model'!$B$12:$B$14,MATCH($K10,'Reward Model'!$A$12:$A$14,0))*Z10,2),0) -> 0 | AB10: =IF($I10="Correct",ROUND(INDEX('Reward Model'!$B$12:$B$14,MATCH($Y10,'Reward Model'!$A$12:$A$14,0))*Z10,2),0) -> 0
A11: 2026-10-12 12:01:15 | B11: Aarav Sharma | C11: 11 | D11: Mathematics-Biology | E11: 10 | F11: If x² − 7x + 12 = 0, what are the roots? | G11: B. 3 and 4 | H11: B. 3 and 4 | I11: Correct | J11: 1.94 | K11: Medium | L11: =INDEX(Summary!$F$2:$F$201,MATCH($B11,Summary!$A$2:$A$201,0)) -> 20 | M11: =INDEX(Summary!$I$2:$I$201,MATCH($B11,Summary!$A$2:$A$201,0)) -> 2 | N11: =INDEX(Summary!$J$2:$J$201,MATCH($B11,Summary!$A$2:$A$201,0)) -> 3 | O11: =INDEX(Summary!$K$2:$K$201,MATCH($B11,Summary!$A$2:$A$201,0)) -> 11.14 | P11: =INDEX(Summary!$L$2:$L$201,MATCH($B11,Summary!$A$2:$A$201,0)) -> 5 | Q11: =INDEX(Summary!$M$2:$M$201,MATCH($B11,Summary!$A$2:$A$201,0)) -> 1 | R11: =INDEX(Summary!$N$2:$N$201,MATCH($B11,Summary!$A$2:$A$201,0)) -> 9.93 | S11: =INDEX(Summary!$O$2:$O$201,MATCH($B11,Summary!$A$2:$A$201,0)) -> 4 | T11: =INDEX(Summary!$P$2:$P$201,MATCH($B11,Summary!$A$2:$A$201,0)) -> 5 | U11: =INDEX(Summary!$Q$2:$Q$201,MATCH($B11,Summary!$A$2:$A$201,0)) -> 13.41 | V11: =INDEX(Summary!$R$2:$R$201,MATCH($B11,Summary!$A$2:$A$201,0)) -> 21 | W11: =INDEX(Summary!$S$2:$S$201,MATCH($B11,Summary!$A$2:$A$201,0)) -> Silver | X11: =INDEX(Summary!$T$2:$T$201,MATCH($B11,Summary!$A$2:$A$201,0)) -> 51.22 | Y11: =INDEX('Reward Model'!$E$18:$E$37,MATCH($E11,'Reward Model'!$A$18:$A$37,0)) -> Medium | Z11: =ROUND(MIN(1,MAX('Reward Model'!$B$2,INDEX('Reward Model'!$C$12:$C$14,MATCH($K11,'Reward Model'!$A$12:$A$14,0))/$J11)),3) -> 0.928 | AA11: =IF($I11="Correct",ROUND(INDEX('Reward Model'!$B$12:$B$14,MATCH($K11,'Reward Model'!$A$12:$A$14,0))*Z11,2),0) -> 1.86 | AB11: =IF($I11="Correct",ROUND(INDEX('Reward Model'!$B$12:$B$14,MATCH($Y11,'Reward Model'!$A$12:$A$14,0))*Z11,2),0) -> 1.86
A12: 2026-10-12 12:01:15 | B12: Aarav Sharma | C12: 11 | D12: Mathematics-Biology | E12: 11 | F12: A sum of ₹5,000 earns simple interest at 8% per annum for 3 years. Find the interest. | G12: D. ₹1,600 | H12: C. ₹1,200 | I12: Wrong | J12: 1.47 | K12: Medium | L12: =INDEX(Summary!$F$2:$F$201,MATCH($B12,Summary!$A$2:$A$201,0)) -> 20 | M12: =INDEX(Summary!$I$2:$I$201,MATCH($B12,Summary!$A$2:$A$201,0)) -> 2 | N12: =INDEX(Summary!$J$2:$J$201,MATCH($B12,Summary!$A$2:$A$201,0)) -> 3 | O12: =INDEX(Summary!$K$2:$K$201,MATCH($B12,Summary!$A$2:$A$201,0)) -> 11.14 | P12: =INDEX(Summary!$L$2:$L$201,MATCH($B12,Summary!$A$2:$A$201,0)) -> 5 | Q12: =INDEX(Summary!$M$2:$M$201,MATCH($B12,Summary!$A$2:$A$201,0)) -> 1 | R12: =INDEX(Summary!$N$2:$N$201,MATCH($B12,Summary!$A$2:$A$201,0)) -> 9.93 | S12: =INDEX(Summary!$O$2:$O$201,MATCH($B12,Summary!$A$2:$A$201,0)) -> 4 | T12: =INDEX(Summary!$P$2:$P$201,MATCH($B12,Summary!$A$2:$A$201,0)) -> 5 | U12: =INDEX(Summary!$Q$2:$Q$201,MATCH($B12,Summary!$A$2:$A$201,0)) -> 13.41 | V12: =INDEX(Summary!$R$2:$R$201,MATCH($B12,Summary!$A$2:$A$201,0)) -> 21 | W12: =INDEX(Summary!$S$2:$S$201,MATCH($B12,Summary!$A$2:$A$201,0)) -> Silver | X12: =INDEX(Summary!$T$2:$T$201,MATCH($B12,Summary!$A$2:$A$201,0)) -> 51.22 | Y12: =INDEX('Reward Model'!$E$18:$E$37,MATCH($E12,'Reward Model'!$A$18:$A$37,0)) -> Medium | Z12: =ROUND(MIN(1,MAX('Reward Model'!$B$2,INDEX('Reward Model'!$C$12:$C$14,MATCH($K12,'Reward Model'!$A$12:$A$14,0))/$J12)),3) -> 1 | AA12: =IF($I12="Correct",ROUND(INDEX('Reward Model'!$B$12:$B$14,MATCH($K12,'Reward Model'!$A$12:$A$14,0))*Z12,2),0) -> 0 | AB12: =IF($I12="Correct",ROUND(INDEX('Reward Model'!$B$12:$B$14,MATCH($Y12,'Reward Model'!$A$12:$A$14,0))*Z12,2),0) -> 0
A13: 2026-10-12 12:01:15 | B13: Aarav Sharma | C13: 11 | D13: Mathematics-Biology | E13: 12 | F13: The first term of an arithmetic progression is 4 and the common difference is 3. Find its 12th term. | G13: C. 37 | H13: C. 37 | I13: Correct | J13: 2.12 | K13: Medium | L13: =INDEX(Summary!$F$2:$F$201,MATCH($B13,Summary!$A$2:$A$201,0)) -> 20 | M13: =INDEX(Summary!$I$2:$I$201,MATCH($B13,Summary!$A$2:$A$201,0)) -> 2 | N13: =INDEX(Summary!$J$2:$J$201,MATCH($B13,Summary!$A$2:$A$201,0)) -> 3 | O13: =INDEX(Summary!$K$2:$K$201,MATCH($B13,Summary!$A$2:$A$201,0)) -> 11.14 | P13: =INDEX(Summary!$L$2:$L$201,MATCH($B13,Summary!$A$2:$A$201,0)) -> 5 | Q13: =INDEX(Summary!$M$2:$M$201,MATCH($B13,Summary!$A$2:$A$201,0)) -> 1 | R13: =INDEX(Summary!$N$2:$N$201,MATCH($B13,Summary!$A$2:$A$201,0)) -> 9.93 | S13: =INDEX(Summary!$O$2:$O$201,MATCH($B13,Summary!$A$2:$A$201,0)) -> 4 | T13: =INDEX(Summary!$P$2:$P$201,MATCH($B13,Summary!$A$2:$A$201,0)) -> 5 | U13: =INDEX(Summary!$Q$2:$Q$201,MATCH($B13,Summary!$A$2:$A$201,0)) -> 13.41 | V13: =INDEX(Summary!$R$2:$R$201,MATCH($B13,Summary!$A$2:$A$201,0)) -> 21 | W13: =INDEX(Summary!$S$2:$S$201,MATCH($B13,Summary!$A$2:$A$201,0)) -> Silver | X13: =INDEX(Summary!$T$2:$T$201,MATCH($B13,Summary!$A$2:$A$201,0)) -> 51.22 | Y13: =INDEX('Reward Model'!$E$18:$E$37,MATCH($E13,'Reward Model'!$A$18:$A$37,0)) -> Medium | Z13: =ROUND(MIN(1,MAX('Reward Model'!$B$2,INDEX('Reward Model'!$C$12:$C$14,MATCH($K13,'Reward Model'!$A$12:$A$14,0))/$J13)),3) -> 0.849 | AA13: =IF($I13="Correct",ROUND(INDEX('Reward Model'!$B$12:$B$14,MATCH($K13,'Reward Model'!$A$12:$A$14,0))*Z13,2),0) -> 1.7 | AB13: =IF($I13="Correct",ROUND(INDEX('Reward Model'!$B$12:$B$14,MATCH($Y13,'Reward Model'!$A$12:$A$14,0))*Z13,2),0) -> 1.7
... A4001: 2026-10-12 17:43:38 | B4001: Revathi R | C4001: 12 | D4001: Commerce | E4001: 20 | F4001: A rectangle has a perimeter of 40 cm. What is its maximum possible area? | G4001: C. 100 cm² | H4001: C. 100 cm² | I4001: Correct | J4001: 2.31 | K4001: High | L4001: =INDEX(Summary!$F$2:$F$201,MATCH($B4001,Summary!$A$2:$A$201,0)) -> 20 | M4001: =INDEX(Summary!$I$2:$I$201,MATCH($B4001,Summary!$A$2:$A$201,0)) -> 1 | N4001: =INDEX(Summary!$J$2:$J$201,MATCH($B4001,Summary!$A$2:$A$201,0)) -> 4 | O4001: =INDEX(Summary!$K$2:$K$201,MATCH($B4001,Summary!$A$2:$A$201,0)) -> 8.67 | P4001: =INDEX(Summary!$L$2:$L$201,MATCH($B4001,Summary!$A$2:$A$201,0)) -> 2 | Q4001: =INDEX(Summary!$M$2:$M$201,MATCH($B4001,Summary!$A$2:$A$201,0)) -> 4 | R4001: =INDEX(Summary!$N$2:$N$201,MATCH($B4001,Summary!$A$2:$A$201,0)) -> 10.4 | S4001: =INDEX(Summary!$O$2:$O$201,MATCH($B4001,Summary!$A$2:$A$201,0)) -> 8 | T4001: =INDEX(Summary!$P$2:$P$201,MATCH($B4001,Summary!$A$2:$A$201,0)) -> 1 | U4001: =INDEX(Summary!$Q$2:$Q$201,MATCH($B4001,Summary!$A$2:$A$201,0)) -> 13.16 | V4001: =INDEX(Summary!$R$2:$R$201,MATCH($B4001,Summary!$A$2:$A$201,0)) -> 17.91 | W4001: =INDEX(Summary!$S$2:$S$201,MATCH($B4001,Summary!$A$2:$A$201,0)) -> Bronze | X4001: =INDEX(Summary!$T$2:$T$201,MATCH($B4001,Summary!$A$2:$A$201,0)) -> 43.68 | Y4001: =INDEX('Reward Model'!$E$18:$E$37,MATCH($E4001,'Reward Model'!$A$18:$A$37,0)) -> High | Z4001: =ROUND(MIN(1,MAX('Reward Model'!$B$2,INDEX('Reward Model'!$C$12:$C$14,MATCH($K4001,'Reward Model'!$A$12:$A$14,0))/$J4001)),3) -> 0.866 | AA4001: =IF($I4001="Correct",ROUND(INDEX('Reward Model'!$B$12:$B$14,MATCH($K4001,'Reward Model'!$A$12:$A$14,0))*Z4001,2),0) -> 2.6 | AB4001: =IF($I4001="Correct",ROUND(INDEX('Reward Model'!$B$12:$B$14,MATCH($Y4001,'Reward Model'!$A$12:$A$14,0))*Z4001,2),0) -> 2.6

Sheet Summary
A1: Student Name | B1: Class | C1: Group | D1: Total Questions | E1: Total Time (sec) | F1: Questions Attempted | G1: Total Correct | H1: Total Wrong | I1: High Difficulty - Correct | J1: High Difficulty - Wrong | K1: High Difficulty - Time (s) | L1: Medium Difficulty - Correct | M1: Medium Difficulty - Wrong | N1: Medium Difficulty - Time (s) | O1: Low Difficulty - Correct | P1: Low Difficulty - Wrong | Q1: Low Difficulty - Time (s) | R1: Total Reward | S1: Medal | T1: Mark out of 100
A2: Aarav Sharma | B2: 11 | C2: Mathematics-Biology | D2: =F2 -> 20 | E2: =ROUND(K2+N2+Q2,2) -> 34.48 | F2: =COUNTIFS(Responses!$B$2:$B$4001,$A2) -> 20 | G2: =I2+L2+O2 -> 11 | H2: =J2+M2+P2 -> 9 | I2: =COUNTIFS(Responses!$B$2:$B$4001,$A2,Responses!$K$2:$K$4001,"High",Responses!$I$2:$I$4001,"Correct") -> 2 | J2: =COUNTIFS(Responses!$B$2:$B$4001,$A2,Responses!$K$2:$K$4001,"High",Responses!$I$2:$I$4001,"Wrong") -> 3 | K2: =ROUND(SUMIFS(Responses!$J$2:$J$4001,Responses!$B$2:$B$4001,$A2,Responses!$K$2:$K$4001,"High"),2) -> 11.14 | L2: =COUNTIFS(Responses!$B$2:$B$4001,$A2,Responses!$K$2:$K$4001,"Medium",Responses!$I$2:$I$4001,"Correct") -> 5 | M2: =COUNTIFS(Responses!$B$2:$B$4001,$A2,Responses!$K$2:$K$4001,"Medium",Responses!$I$2:$I$4001,"Wrong") -> 1 | N2: =ROUND(SUMIFS(Responses!$J$2:$J$4001,Responses!$B$2:$B$4001,$A2,Responses!$K$2:$K$4001,"Medium"),2) -> 9.93 | O2: =COUNTIFS(Responses!$B$2:$B$4001,$A2,Responses!$K$2:$K$4001,"Low",Responses!$I$2:$I$4001,"Correct") -> 4 | P2: =COUNTIFS(Responses!$B$2:$B$4001,$A2,Responses!$K$2:$K$4001,"Low",Responses!$I$2:$I$4001,"Wrong") -> 5 | Q2: =ROUND(SUMIFS(Responses!$J$2:$J$4001,Responses!$B$2:$B$4001,$A2,Responses!$K$2:$K$4001,"Low"),2) -> 13.41 | R2: =ROUND(SUMIFS(Responses!$AB$2:$AB$4001,Responses!$B$2:$B$4001,$A2),2) -> 21 | S2: =IF(R2>='Reward Model'!$B$8,"Gold",IF(R2>='Reward Model'!$B$9,"Silver","Bronze")) -> Silver | T2: =ROUND(R2/'Reward Model'!$B$7*100,2) -> 51.22
A3: Ananya Patel | B3: 11 | C3: Mathematics-Biology | D3: =F3 -> 20 | E3: =ROUND(K3+N3+Q3,2) -> 33.5 | F3: =COUNTIFS(Responses!$B$2:$B$4001,$A3) -> 20 | G3: =I3+L3+O3 -> 15 | H3: =J3+M3+P3 -> 5 | I3: =COUNTIFS(Responses!$B$2:$B$4001,$A3,Responses!$K$2:$K$4001,"High",Responses!$I$2:$I$4001,"Correct") -> 2 | J3: =COUNTIFS(Responses!$B$2:$B$4001,$A3,Responses!$K$2:$K$4001,"High",Responses!$I$2:$I$4001,"Wrong") -> 3 | K3: =ROUND(SUMIFS(Responses!$J$2:$J$4001,Responses!$B$2:$B$4001,$A3,Responses!$K$2:$K$4001,"High"),2) -> 9.59 | L3: =COUNTIFS(Responses!$B$2:$B$4001,$A3,Responses!$K$2:$K$4001,"Medium",Responses!$I$2:$I$4001,"Correct") -> 5 | M3: =COUNTIFS(Responses!$B$2:$B$4001,$A3,Responses!$K$2:$K$4001,"Medium",Responses!$I$2:$I$4001,"Wrong") -> 1 | N3: =ROUND(SUMIFS(Responses!$J$2:$J$4001,Responses!$B$2:$B$4001,$A3,Responses!$K$2:$K$4001,"Medium"),2) -> 10.54 | O3: =COUNTIFS(Responses!$B$2:$B$4001,$A3,Responses!$K$2:$K$4001,"Low",Responses!$I$2:$I$4001,"Correct") -> 8 | P3: =COUNTIFS(Responses!$B$2:$B$4001,$A3,Responses!$K$2:$K$4001,"Low",Responses!$I$2:$I$4001,"Wrong") -> 1 | Q3: =ROUND(SUMIFS(Responses!$J$2:$J$4001,Responses!$B$2:$B$4001,$A3,Responses!$K$2:$K$4001,"Low"),2) -> 13.37 | R3: =ROUND(SUMIFS(Responses!$AB$2:$AB$4001,Responses!$B$2:$B$4001,$A3),2) -> 26.43 | S3: =IF(R3>='Reward Model'!$B$8,"Gold",IF(R3>='Reward Model'!$B$9,"Silver","Bronze")) -> Silver | T3: =ROUND(R3/'Reward Model'!$B$7*100,2) -> 64.46
A4: Arjun Kumar | B4: 11 | C4: Mathematics-Biology | D4: =F4 -> 20 | E4: =ROUND(K4+N4+Q4,2) -> 31.62 | F4: =COUNTIFS(Responses!$B$2:$B$4001,$A4) -> 20 | G4: =I4+L4+O4 -> 15 | H4: =J4+M4+P4 -> 5 | I4: =COUNTIFS(Responses!$B$2:$B$4001,$A4,Responses!$K$2:$K$4001,"High",Responses!$I$2:$I$4001,"Correct") -> 4 | J4: =COUNTIFS(Responses!$B$2:$B$4001,$A4,Responses!$K$2:$K$4001,"High",Responses!$I$2:$I$4001,"Wrong") -> 1 | K4: =ROUND(SUMIFS(Responses!$J$2:$J$4001,Responses!$B$2:$B$4001,$A4,Responses!$K$2:$K$4001,"High"),2) -> 9.34 | L4: =COUNTIFS(Responses!$B$2:$B$4001,$A4,Responses!$K$2:$K$4001,"Medium",Responses!$I$2:$I$4001,"Correct") -> 5 | M4: =COUNTIFS(Responses!$B$2:$B$4001,$A4,Responses!$K$2:$K$4001,"Medium",Responses!$I$2:$I$4001,"Wrong") -> 1 | N4: =ROUND(SUMIFS(Responses!$J$2:$J$4001,Responses!$B$2:$B$4001,$A4,Responses!$K$2:$K$4001,"Medium"),2) -> 10.84 | O4: =COUNTIFS(Responses!$B$2:$B$4001,$A4,Responses!$K$2:$K$4001,"Low",Responses!$I$2:$I$4001,"Correct") -> 6 | P4: =COUNTIFS(Responses!$B$2:$B$4001,$A4,Responses!$K$2:$K$4001,"Low",Responses!$I$2:$I$4001,"Wrong") -> 3 | Q4: =ROUND(SUMIFS(Responses!$J$2:$J$4001,Responses!$B$2:$B$4001,$A4,Responses!$K$2:$K$4001,"Low"),2) -> 11.44 | R4: =ROUND(SUMIFS(Responses!$AB$2:$AB$4001,Responses!$B$2:$B$4001,$A4),2) -> 29.89 | S4: =IF(R4>='Reward Model'!$B$8,"Gold",IF(R4>='Reward Model'!$B$9,"Silver","Bronze")) -> Gold | T4: =ROUND(R4/'Reward Model'!$B$7*100,2) -> 72.9
A5: Diya Singh | B5: 11 | C5: Mathematics-Biology | D5: =F5 -> 20 | E5: =ROUND(K5+N5+Q5,2) -> 33.61 | F5: =COUNTIFS(Responses!$B$2:$B$4001,$A5) -> 20 | G5: =I5+L5+O5 -> 14 | H5: =J5+M5+P5 -> 6 | I5: =COUNTIFS(Responses!$B$2:$B$4001,$A5,Responses!$K$2:$K$4001,"High",Responses!$I$2:$I$4001,"Correct") -> 4 | J5: =COUNTIFS(Responses!$B$2:$B$4001,$A5,Responses!$K$2:$K$4001,"High",Responses!$I$2:$I$4001,"Wrong") -> 1 | K5: =ROUND(SUMIFS(Responses!$J$2:$J$4001,Responses!$B$2:$B$4001,$A5,Responses!$K$2:$K$4001,"High"),2) -> 10.25 | L5: =COUNTIFS(Responses!$B$2:$B$4001,$A5,Responses!$K$2:$K$4001,"Medium",Responses!$I$2:$I$4001,"Correct") -> 4 | M5: =COUNTIFS(Responses!$B$2:$B$4001,$A5,Responses!$K$2:$K$4001,"Medium",Responses!$I$2:$I$4001,"Wrong") -> 2 | N5: =ROUND(SUMIFS(Responses!$J$2:$J$4001,Responses!$B$2:$B$4001,$A5,Responses!$K$2:$K$4001,"Medium"),2) -> 11.23 | O5: =COUNTIFS(Responses!$B$2:$B$4001,$A5,Responses!$K$2:$K$4001,"Low",Responses!$I$2:$I$4001,"Correct") -> 6 | P5: =COUNTIFS(Responses!$B$2:$B$4001,$A5,Responses!$K$2:$K$4001,"Low",Responses!$I$2:$I$4001,"Wrong") -> 3 | Q5: =ROUND(SUMIFS(Responses!$J$2:$J$4001,Responses!$B$2:$B$4001,$A5,Responses!$K$2:$K$4001,"Low"),2) -> 12.13 | R5: =ROUND(SUMIFS(Responses!$AB$2:$AB$4001,Responses!$B$2:$B$4001,$A5),2) -> 28.61 | S5: =IF(R5>='Reward Model'!$B$8,"Gold",IF(R5>='Reward Model'!$B$9,"Silver","Bronze")) -> Silver | T5: =ROUND(R5/'Reward Model'!$B$7*100,2) -> 69.78
A6: Aditya Verma | B6: 11 | C6: Mathematics-Biology | D6: =F6 -> 20 | E6: =ROUND(K6+N6+Q6,2) -> 33.69 | F6: =COUNTIFS(Responses!$B$2:$B$4001,$A6) -> 20 | G6: =I6+L6+O6 -> 15 | H6: =J6+M6+P6 -> 5 | I6: =COUNTIFS(Responses!$B$2:$B$4001,$A6,Responses!$K$2:$K$4001,"High",Responses!$I$2:$I$4001,"Correct") -> 3 | J6: =COUNTIFS(Responses!$B$2:$B$4001,$A6,Responses!$K$2:$K$4001,"High",Responses!$I$2:$I$4001,"Wrong") -> 2 | K6: =ROUND(SUMIFS(Responses!$J$2:$J$4001,Responses!$B$2:$B$4001,$A6,Responses!$K$2:$K$4001,"High"),2) -> 8.77 | L6: =COUNTIFS(Responses!$B$2:$B$4001,$A6,Responses!$K$2:$K$4001,"Medium",Responses!$I$2:$I$4001,"Correct") -> 4 | M6: =COUNTIFS(Responses!$B$2:$B$4001,$A6,Responses!$K$2:$K$4001,"Medium",Responses!$I$2:$I$4001,"Wrong") -> 2 | N6: =ROUND(SUMIFS(Responses!$J$2:$J$4001,Responses!$B$2:$B$4001,$A6,Responses!$K$2:$K$4001,"Medium"),2) -> 10.54 | O6: =COUNTIFS(Responses!$B$2:$B$4001,$A6,Responses!$K$2:$K$4001,"Low",Responses!$I$2:$I$4001,"Correct") -> 8 | P6: =COUNTIFS(Responses!$B$2:$B$4001,$A6,Responses!$K$2:$K$4001,"Low",Responses!$I$2:$I$4001,"Wrong") -> 1 | Q6: =ROUND(SUMIFS(Responses!$J$2:$J$4001,Responses!$B$2:$B$4001,$A6,Responses!$K$2:$K$4001,"Low"),2) -> 14.38 | R6: =ROUND(SUMIFS(Responses!$AB$2:$AB$4001,Responses!$B$2:$B$4001,$A6),2) -> 27.4 | S6: =IF(R6>='Reward Model'!$B$8,"Gold",IF(R6>='Reward Model'!$B$9,"Silver","Bronze")) -> Silver | T6: =ROUND(R6/'Reward Model'!$B$7*100,2) -> 66.83
A7: Priya Nair | B7: 11 | C7: Mathematics-Biology | D7: =F7 -> 20 | E7: =ROUND(K7+N7+Q7,2) -> 34.35 | F7: =COUNTIFS(Responses!$B$2:$B$4001,$A7) -> 20 | G7: =I7+L7+O7 -> 16 | H7: =J7+M7+P7 -> 4 | I7: =COUNTIFS(Responses!$B$2:$B$4001,$A7,Responses!$K$2:$K$4001,"High",Responses!$I$2:$I$4001,"Correct") -> 3 | J7: =COUNTIFS(Responses!$B$2:$B$4001,$A7,Responses!$K$2:$K$4001,"High",Responses!$I$2:$I$4001,"Wrong") -> 2 | K7: =ROUND(SUMIFS(Responses!$J$2:$J$4001,Responses!$B$2:$B$4001,$A7,Responses!$K$2:$K$4001,"High"),2) -> 10.35 | L7: =COUNTIFS(Responses!$B$2:$B$4001,$A7,Responses!$K$2:$K$4001,"Medium",Responses!$I$2:$I$4001,"Correct") -> 5 | M7: =COUNTIFS(Responses!$B$2:$B$4001,$A7,Responses!$K$2:$K$4001,"Medium",Responses!$I$2:$I$4001,"Wrong") -> 1 | N7: =ROUND(SUMIFS(Responses!$J$2:$J$4001,Responses!$B$2:$B$4001,$A7,Responses!$K$2:$K$4001,"Medium"),2) -> 10.67 | O7: =COUNTIFS(Responses!$B$2:$B$4001,$A7,Responses!$K$2:$K$4001,"Low",Responses!$I$2:$I$4001,"Correct") -> 8 | P7: =COUNTIFS(Responses!$B$2:$B$4001,$A7,Responses!$K$2:$K$4001,"Low",Responses!$I$2:$I$4001,"Wrong") -> 1 | Q7: =ROUND(SUMIFS(Responses!$J$2:$J$4001,Responses!$B$2:$B$4001,$A7,Responses!$K$2:$K$4001,"Low"),2) -> 13.33 | R7: =ROUND(SUMIFS(Responses!$AB$2:$AB$4001,Responses!$B$2:$B$4001,$A7),2) -> 29.06 | S7: =IF(R7>='Reward Model'!$B$8,"Gold",IF(R7>='Reward Model'!$B$9,"Silver","Bronze")) -> Gold | T7: =ROUND(R7/'Reward Model'!$B$7*100,2) -> 70.88
A8: Rahul Das | B8: 11 | C8: Mathematics-Biology | D8: =F8 -> 20 | E8: =ROUND(K8+N8+Q8,2) -> 31.34 | F8: =COUNTIFS(Responses!$B$2:$B$4001,$A8) -> 20 | G8: =I8+L8+O8 -> 14 | H8: =J8+M8+P8 -> 6 | I8: =COUNTIFS(Responses!$B$2:$B$4001,$A8,Responses!$K$2:$K$4001,"High",Responses!$I$2:$I$4001,"Correct") -> 2 | J8: =COUNTIFS(Responses!$B$2:$B$4001,$A8,Responses!$K$2:$K$4001,"High",Responses!$I$2:$I$4001,"Wrong") -> 3 | K8: =ROUND(SUMIFS(Responses!$J$2:$J$4001,Responses!$B$2:$B$4001,$A8,Responses!$K$2:$K$4001,"High"),2) -> 10.05 | L8: =COUNTIFS(Responses!$B$2:$B$4001,$A8,Responses!$K$2:$K$4001,"Medium",Responses!$I$2:$I$4001,"Correct") -> 5 | M8: =COUNTIFS(Responses!$B$2:$B$4001,$A8,Responses!$K$2:$K$4001,"Medium",Responses!$I$2:$I$4001,"Wrong") -> 1 | N8: =ROUND(SUMIFS(Responses!$J$2:$J$4001,Responses!$B$2:$B$4001,$A8,Responses!$K$2:$K$4001,"Medium"),2) -> 8.83 | O8: =COUNTIFS(Responses!$B$2:$B$4001,$A8,Responses!$K$2:$K$4001,"Low",Responses!$I$2:$I$4001,"Correct") -> 7 | P8: =COUNTIFS(Responses!$B$2:$B$4001,$A8,Responses!$K$2:$K$4001,"Low",Responses!$I$2:$I$4001,"Wrong") -> 2 | Q8: =ROUND(SUMIFS(Responses!$J$2:$J$4001,Responses!$B$2:$B$4001,$A8,Responses!$K$2:$K$4001,"Low"),2) -> 12.46 | R8: =ROUND(SUMIFS(Responses!$AB$2:$AB$4001,Responses!$B$2:$B$4001,$A8),2) -> 25.83 | S8: =IF(R8>='Reward Model'!$B$8,"Gold",IF(R8>='Reward Model'!$B$9,"Silver","Bronze")) -> Silver | T8: =ROUND(R8/'Reward Model'!$B$7*100,2) -> 63
A9: Sneha Reddy | B9: 11 | C9: Mathematics-Biology | D9: =F9 -> 20 | E9: =ROUND(K9+N9+Q9,2) -> 33.48 | F9: =COUNTIFS(Responses!$B$2:$B$4001,$A9) -> 20 | G9: =I9+L9+O9 -> 11 | H9: =J9+M9+P9 -> 9 | I9: =COUNTIFS(Responses!$B$2:$B$4001,$A9,Responses!$K$2:$K$4001,"High",Responses!$I$2:$I$4001,"Correct") -> 1 | J9: =COUNTIFS(Responses!$B$2:$B$4001,$A9,Responses!$K$2:$K$4001,"High",Responses!$I$2:$I$4001,"Wrong") -> 4 | K9: =ROUND(SUMIFS(Responses!$J$2:$J$4001,Responses!$B$2:$B$4001,$A9,Responses!$K$2:$K$4001,"High"),2) -> 10.64 | L9: =COUNTIFS(Responses!$B$2:$B$4001,$A9,Responses!$K$2:$K$4001,"Medium",Responses!$I$2:$I$4001,"Correct") -> 3 | M9: =COUNTIFS(Responses!$B$2:$B$4001,$A9,Responses!$K$2:$K$4001,"Medium",Responses!$I$2:$I$4001,"Wrong") -> 3 | N9: =ROUND(SUMIFS(Responses!$J$2:$J$4001,Responses!$B$2:$B$4001,$A9,Responses!$K$2:$K$4001,"Medium"),2) -> 10.16 | O9: =COUNTIFS(Responses!$B$2:$B$4001,$A9,Responses!$K$2:$K$4001,"Low",Responses!$I$2:$I$4001,"Correct") -> 7 | P9: =COUNTIFS(Responses!$B$2:$B$4001,$A9,Responses!$K$2:$K$4001,"Low",Responses!$I$2:$I$4001,"Wrong") -> 2 | Q9: =ROUND(SUMIFS(Responses!$J$2:$J$4001,Responses!$B$2:$B$4001,$A9,Responses!$K$2:$K$4001,"Low"),2) -> 12.68 | R9: =ROUND(SUMIFS(Responses!$AB$2:$AB$4001,Responses!$B$2:$B$4001,$A9),2) -> 18.39 | S9: =IF(R9>='Reward Model'!$B$8,"Gold",IF(R9>='Reward Model'!$B$9,"Silver","Bronze")) -> Bronze | T9: =ROUND(R9/'Reward Model'!$B$7*100,2) -> 44.85
A10: Vikram Menon | B10: 11 | C10: Mathematics-Biology | D10: =F10 -> 20 | E10: =ROUND(K10+N10+Q10,2) -> 34.93 | F10: =COUNTIFS(Responses!$B$2:$B$4001,$A10) -> 20 | G10: =I10+L10+O10 -> 11 | H10: =J10+M10+P10 -> 9 | I10: =COUNTIFS(Responses!$B$2:$B$4001,$A10,Responses!$K$2:$K$4001,"High",Responses!$I$2:$I$4001,"Correct") -> 1 | J10: =COUNTIFS(Responses!$B$2:$B$4001,$A10,Responses!$K$2:$K$4001,"High",Responses!$I$2:$I$4001,"Wrong") -> 4 | K10: =ROUND(SUMIFS(Responses!$J$2:$J$4001,Responses!$B$2:$B$4001,$A10,Responses!$K$2:$K$4001,"High"),2) -> 9.47 | L10: =COUNTIFS(Responses!$B$2:$B$4001,$A10,Responses!$K$2:$K$4001,"Medium",Responses!$I$2:$I$4001,"Correct") -> 4 | M10: =COUNTIFS(Responses!$B$2:$B$4001,$A10,Responses!$K$2:$K$4001,"Medium",Responses!$I$2:$I$4001,"Wrong") -> 2 | N10: =ROUND(SUMIFS(Responses!$J$2:$J$4001,Responses!$B$2:$B$4001,$A10,Responses!$K$2:$K$4001,"Medium"),2) -> 9.9 | O10: =COUNTIFS(Responses!$B$2:$B$4001,$A10,Responses!$K$2:$K$4001,"Low",Responses!$I$2:$I$4001,"Correct") -> 6 | P10: =COUNTIFS(Responses!$B$2:$B$4001,$A10,Responses!$K$2:$K$4001,"Low",Responses!$I$2:$I$4001,"Wrong") -> 3 | Q10: =ROUND(SUMIFS(Responses!$J$2:$J$4001,Responses!$B$2:$B$4001,$A10,Responses!$K$2:$K$4001,"Low"),2) -> 15.56 | R10: =ROUND(SUMIFS(Responses!$AB$2:$AB$4001,Responses!$B$2:$B$4001,$A10),2) -> 17.36 | S10: =IF(R10>='Reward Model'!$B$8,"Gold",IF(R10>='Reward Model'!$B$9,"Silver","Bronze")) -> Bronze | T10: =ROUND(R10/'Reward Model'!$B$7*100,2) -> 42.34
A11: Kavya Iyer | B11: 11 | C11: Mathematics-Biology | D11: =F11 -> 20 | E11: =ROUND(K11+N11+Q11,2) -> 32.23 | F11: =COUNTIFS(Responses!$B$2:$B$4001,$A11) -> 20 | G11: =I11+L11+O11 -> 12 | H11: =J11+M11+P11 -> 8 | I11: =COUNTIFS(Responses!$B$2:$B$4001,$A11,Responses!$K$2:$K$4001,"High",Responses!$I$2:$I$4001,"Correct") -> 2 | J11: =COUNTIFS(Responses!$B$2:$B$4001,$A11,Responses!$K$2:$K$4001,"High",Responses!$I$2:$I$4001,"Wrong") -> 3 | K11: =ROUND(SUMIFS(Responses!$J$2:$J$4001,Responses!$B$2:$B$4001,$A11,Responses!$K$2:$K$4001,"High"),2) -> 8.9 | L11: =COUNTIFS(Responses!$B$2:$B$4001,$A11,Responses!$K$2:$K$4001,"Medium",Responses!$I$2:$I$4001,"Correct") -> 3 | M11: =COUNTIFS(Responses!$B$2:$B$4001,$A11,Responses!$K$2:$K$4001,"Medium",Responses!$I$2:$I$4001,"Wrong") -> 3 | N11: =ROUND(SUMIFS(Responses!$J$2:$J$4001,Responses!$B$2:$B$4001,$A11,Responses!$K$2:$K$4001,"Medium"),2) -> 10.2 | O11: =COUNTIFS(Responses!$B$2:$B$4001,$A11,Responses!$K$2:$K$4001,"Low",Responses!$I$2:$I$4001,"Correct") -> 7 | P11: =COUNTIFS(Responses!$B$2:$B$4001,$A11,Responses!$K$2:$K$4001,"Low",Responses!$I$2:$I$4001,"Wrong") -> 2 | Q11: =ROUND(SUMIFS(Responses!$J$2:$J$4001,Responses!$B$2:$B$4001,$A11,Responses!$K$2:$K$4001,"Low"),2) -> 13.13 | R11: =ROUND(SUMIFS(Responses!$AB$2:$AB$4001,Responses!$B$2:$B$4001,$A11),2) -> 22.04 | S11: =IF(R11>='Reward Model'!$B$8,"Gold",IF(R11>='Reward Model'!$B$9,"Silver","Bronze")) -> Silver | T11: =ROUND(R11/'Reward Model'!$B$7*100,2) -> 53.76
A12: Rohan Gupta | B12: 11 | C12: Mathematics-Biology | D12: =F12 -> 20 | E12: =ROUND(K12+N12+Q12,2) -> 32.69 | F12: =COUNTIFS(Responses!$B$2:$B$4001,$A12) -> 20 | G12: =I12+L12+O12 -> 13 | H12: =J12+M12+P12 -> 7 | I12: =COUNTIFS(Responses!$B$2:$B$4001,$A12,Responses!$K$2:$K$4001,"High",Responses!$I$2:$I$4001,"Correct") -> 1 | J12: =COUNTIFS(Responses!$B$2:$B$4001,$A12,Responses!$K$2:$K$4001,"High",Responses!$I$2:$I$4001,"Wrong") -> 4 | K12: =ROUND(SUMIFS(Responses!$J$2:$J$4001,Responses!$B$2:$B$4001,$A12,Responses!$K$2:$K$4001,"High"),2) -> 9.91 | L12: =COUNTIFS(Responses!$B$2:$B$4001,$A12,Responses!$K$2:$K$4001,"Medium",Responses!$I$2:$I$4001,"Correct") -> 4 | M12: =COUNTIFS(Responses!$B$2:$B$4001,$A12,Responses!$K$2:$K$4001,"Medium",Responses!$I$2:$I$4001,"Wrong") -> 2 | N12: =ROUND(SUMIFS(Responses!$J$2:$J$4001,Responses!$B$2:$B$4001,$A12,Responses!$K$2:$K$4001,"Medium"),2) -> 10.06 | O12: =COUNTIFS(Responses!$B$2:$B$4001,$A12,Responses!$K$2:$K$4001,"Low",Responses!$I$2:$I$4001,"Correct") -> 8 | P12: =COUNTIFS(Responses!$B$2:$B$4001,$A12,Responses!$K$2:$K$4001,"Low",Responses!$I$2:$I$4001,"Wrong") -> 1 | Q12: =ROUND(SUMIFS(Responses!$J$2:$J$4001,Responses!$B$2:$B$4001,$A12,Responses!$K$2:$K$4001,"Low"),2) -> 12.72 | R12: =ROUND(SUMIFS(Responses!$AB$2:$AB$4001,Responses!$B$2:$B$4001,$A12),2) -> 22 | S12: =IF(R12>='Reward Model'!$B$8,"Gold",IF(R12>='Reward Model'!$B$9,"Silver","Bronze")) -> Silver | T12: =ROUND(R12/'Reward Model'!$B$7*100,2) -> 53.66
A13: Meera Krishnan | B13: 11 | C13: Mathematics-Biology | D13: =F13 -> 20 | E13: =ROUND(K13+N13+Q13,2) -> 31.38 | F13: =COUNTIFS(Responses!$B$2:$B$4001,$A13) -> 20 | G13: =I13+L13+O13 -> 16 | H13: =J13+M13+P13 -> 4 | I13: =COUNTIFS(Responses!$B$2:$B$4001,$A13,Responses!$K$2:$K$4001,"High",Responses!$I$2:$I$4001,"Correct") -> 4 | J13: =COUNTIFS(Responses!$B$2:$B$4001,$A13,Responses!$K$2:$K$4001,"High",Responses!$I$2:$I$4001,"Wrong") -> 1 | K13: =ROUND(SUMIFS(Responses!$J$2:$J$4001,Responses!$B$2:$B$4001,$A13,Responses!$K$2:$K$4001,"High"),2) -> 8.89 | L13: =COUNTIFS(Responses!$B$2:$B$4001,$A13,Responses!$K$2:$K$4001,"Medium",Responses!$I$2:$I$4001,"Correct") -> 5 | M13: =COUNTIFS(Responses!$B$2:$B$4001,$A13,Responses!$K$2:$K$4001,"Medium",Responses!$I$2:$I$4001,"Wrong") -> 1 | N13: =ROUND(SUMIFS(Responses!$J$2:$J$4001,Responses!$B$2:$B$4001,$A13,Responses!$K$2:$K$4001,"Medium"),2) -> 10.53 | O13: =COUNTIFS(Responses!$B$2:$B$4001,$A13,Responses!$K$2:$K$4001,"Low",Responses!$I$2:$I$4001,"Correct") -> 7 | P13: =COUNTIFS(Responses!$B$2:$B$4001,$A13,Responses!$K$2:$K$4001,"Low",Responses!$I$2:$I$4001,"Wrong") -> 2 | Q13: =ROUND(SUMIFS(Responses!$J$2:$J$4001,Responses!$B$2:$B$4001,$A13,Responses!$K$2:$K$4001,"Low"),2) -> 11.96 | R13: =ROUND(SUMIFS(Responses!$AB$2:$AB$4001,Responses!$B$2:$B$4001,$A13),2) -> 31.5 | S13: =IF(R13>='Reward Model'!$B$8,"Gold",IF(R13>='Reward Model'!$B$9,"Silver","Bronze")) -> Gold | T13: =ROUND(R13/'Reward Model'!$B$7*100,2) -> 76.83
... A201: Revathi R | B201: 12 | C201: Commerce | D201: =F201 -> 20 | E201: =ROUND(K201+N201+Q201,2) -> 32.23 | F201: =COUNTIFS(Responses!$B$2:$B$4001,$A201) -> 20 | G201: =I201+L201+O201 -> 11 | H201: =J201+M201+P201 -> 9 | I201: =COUNTIFS(Responses!$B$2:$B$4001,$A201,Responses!$K$2:$K$4001,"High",Responses!$I$2:$I$4001,"Correct") -> 1 | J201: =COUNTIFS(Responses!$B$2:$B$4001,$A201,Responses!$K$2:$K$4001,"High",Responses!$I$2:$I$4001,"Wrong") -> 4 | K201: =ROUND(SUMIFS(Responses!$J$2:$J$4001,Responses!$B$2:$B$4001,$A201,Responses!$K$2:$K$4001,"High"),2) -> 8.67 | L201: =COUNTIFS(Responses!$B$2:$B$4001,$A201,Responses!$K$2:$K$4001,"Medium",Responses!$I$2:$I$4001,"Correct") -> 2 | M201: =COUNTIFS(Responses!$B$2:$B$4001,$A201,Responses!$K$2:$K$4001,"Medium",Responses!$I$2:$I$4001,"Wrong") -> 4 | N201: =ROUND(SUMIFS(Responses!$J$2:$J$4001,Responses!$B$2:$B$4001,$A201,Responses!$K$2:$K$4001,"Medium"),2) -> 10.4 | O201: =COUNTIFS(Responses!$B$2:$B$4001,$A201,Responses!$K$2:$K$4001,"Low",Responses!$I$2:$I$4001,"Correct") -> 8 | P201: =COUNTIFS(Responses!$B$2:$B$4001,$A201,Responses!$K$2:$K$4001,"Low",Responses!$I$2:$I$4001,"Wrong") -> 1 | Q201: =ROUND(SUMIFS(Responses!$J$2:$J$4001,Responses!$B$2:$B$4001,$A201,Responses!$K$2:$K$4001,"Low"),2) -> 13.16 | R201: =ROUND(SUMIFS(Responses!$AB$2:$AB$4001,Responses!$B$2:$B$4001,$A201),2) -> 17.91 | S201: =IF(R201>='Reward Model'!$B$8,"Gold",IF(R201>='Reward Model'!$B$9,"Silver","Bronze")) -> Bronze | T201: =ROUND(R201/'Reward Model'!$B$7*100,2) -> 43.68

Sheet Groups
A1: Class | B1: Group | C1: Number of Students
A2: Class XI | B2: Mathematics-Biology | C2: =COUNTIFS(Summary!$B$2:$B$201,"11",Summary!$C$2:$C$201,B2) -> 30
B3: Computer Science | C3: =COUNTIFS(Summary!$B$2:$B$201,"11",Summary!$C$2:$C$201,B3) -> 42
B4: Commerce | C4: =COUNTIFS(Summary!$B$2:$B$201,"11",Summary!$C$2:$C$201,B4) -> 23
A5: Class XII | B5: Mathematics-Biology | C5: =COUNTIFS(Summary!$B$2:$B$201,"12",Summary!$C$2:$C$201,B5) -> 34
B6: Computer Science | C6: =COUNTIFS(Summary!$B$2:$B$201,"12",Summary!$C$2:$C$201,B6) -> 47
B7: Commerce | C7: =COUNTIFS(Summary!$B$2:$B$201,"12",Summary!$C$2:$C$201,B7) -> 24
A8: Total Students | C8: =SUM(C2:C7) -> 200

Sheet Reward Model
A1: Setting | B1: Value
A2: Minimum Time Factor (time-decay floor) | B2: 0.6
A3: Revise to Low if question success rate >= | B3: 0.8
A4: Revise to Medium if question success rate >= | B4: 0.55
A5: Gold if Total Reward >= (fraction of max reward) | B5: 0.7
A6: Silver if Total Reward >= (fraction of max reward) | B6: 0.5
A7: Maximum Possible Reward (sum of revised weights) | B7: =SUM(G18:G37) -> 41
A8: Gold Reward Threshold | B8: =ROUND(B5*B7,2) -> 28.7
A9: Silver Reward Threshold | B9: =ROUND(B6*B7,2) -> 20.5
A11: Difficulty | B11: Reward Weight | C11: Reference Time (s)
A12: Low | B12: 1 | C12: 1.5
A13: Medium | B13: 2 | C13: 1.8
A14: High | B14: 3 | C14: 2
A17: Question No | B17: Question | C17: Original Difficulty | D17: Success Rate | E17: Revised Difficulty | F17: Original Weight | G17: Revised Weight
A18: 1 | B18: What is 25% of 240? | C18: Low | D18: =COUNTIFS(Responses!$E$2:$E$4001,A18,Responses!$I$2:$I$4001,"Correct")/COUNTIFS(Responses!$E$2:$E$4001,A18) -> 0.785 | E18: =IF(D18>=$B$3,"Low",IF(D18>=$B$4,"Medium","High")) -> Medium | F18: =INDEX($B$12:$B$14,MATCH(C18,$A$12:$A$14,0)) -> 1 | G18: =INDEX($B$12:$B$14,MATCH(E18,$A$12:$A$14,0)) -> 2
A19: 2 | B19: If x + 7 = 19, what is the value of x? | C19: Low | D19: =COUNTIFS(Responses!$E$2:$E$4001,A19,Responses!$I$2:$I$4001,"Correct")/COUNTIFS(Responses!$E$2:$E$4001,A19) -> 0.805 | E19: =IF(D19>=$B$3,"Low",IF(D19>=$B$4,"Medium","High")) -> Low | F19: =INDEX($B$12:$B$14,MATCH(C19,$A$12:$A$14,0)) -> 1 | G19: =INDEX($B$12:$B$14,MATCH(E19,$A$12:$A$14,0)) -> 1
A20: 3 | B20: Find the average of 12, 18, 20, and 30. | C20: Low | D20: =COUNTIFS(Responses!$E$2:$E$4001,A20,Responses!$I$2:$I$4001,"Correct")/COUNTIFS(Responses!$E$2:$E$4001,A20) -> 0.79 | E20: =IF(D20>=$B$3,"Low",IF(D20>=$B$4,"Medium","High")) -> Medium | F20: =INDEX($B$12:$B$14,MATCH(C20,$A$12:$A$14,0)) -> 1 | G20: =INDEX($B$12:$B$14,MATCH(E20,$A$12:$A$14,0)) -> 2
A21: 4 | B21: A book costs ₹400. If its price increases by 10%, what is the new price? | C21: Low | D21: =COUNTIFS(Responses!$E$2:$E$4001,A21,Responses!$I$2:$I$4001,"Correct")/COUNTIFS(Responses!$E$2:$E$4001,A21) -> 0.84 | E21: =IF(D21>=$B$3,"Low",IF(D21>=$B$4,"Medium","High")) -> Low | F21: =INDEX($B$12:$B$14,MATCH(C21,$A$12:$A$14,0)) -> 1 | G21: =INDEX($B$12:$B$14,MATCH(E21,$A$12:$A$14,0)) -> 1
A22: 5 | B22: What is the value of 3³ + 2²? | C22: Low | D22: =COUNTIFS(Responses!$E$2:$E$4001,A22,Responses!$I$2:$I$4001,"Correct")/COUNTIFS(Responses!$E$2:$E$4001,A22) -> 0.83 | E22: =IF(D22>=$B$3,"Low",IF(D22>=$B$4,"Medium","High")) -> Low | F22: =INDEX($B$12:$B$14,MATCH(C22,$A$12:$A$14,0)) -> 1 | G22: =INDEX($B$12:$B$14,MATCH(E22,$A$12:$A$14,0)) -> 1
A23: 6 | B23: A car travels 120 km in 3 hours. What is its average speed? | C23: Low | D23: =COUNTIFS(Responses!$E$2:$E$4001,A23,Responses!$I$2:$I$4001,"Correct")/COUNTIFS(Responses!$E$2:$E$4001,A23) -> 0.785 | E23: =IF(D23>=$B$3,"Low",IF(D23>=$B$4,"Medium","High")) -> Medium | F23: =INDEX($B$12:$B$14,MATCH(C23,$A$12:$A$14,0)) -> 1 | G23: =INDEX($B$12:$B$14,MATCH(E23,$A$12:$A$14,0)) -> 2
A24: 7 | B24: What is the probability of getting an even number when rolling a fair six-sided die? | C24: Low | D24: =COUNTIFS(Responses!$E$2:$E$4001,A24,Responses!$I$2:$I$4001,"Correct")/COUNTIFS(Responses!$E$2:$E$4001,A24) -> 0.85 | E24: =IF(D24>=$B$3,"Low",IF(D24>=$B$4,"Medium","High")) -> Low | F24: =INDEX($B$12:$B$14,MATCH(C24,$A$12:$A$14,0)) -> 1 | G24: =INDEX($B$12:$B$14,MATCH(E24,$A$12:$A$14,0)) -> 1
A25: 8 | B25: Find the next number in the sequence: 5, 10, 15, 20, ___. | C25: Low | D25: =COUNTIFS(Responses!$E$2:$E$4001,A25,Responses!$I$2:$I$4001,"Correct")/COUNTIFS(Responses!$E$2:$E$4001,A25) -> 0.775 | E25: =IF(D25>=$B$3,"Low",IF(D25>=$B$4,"Medium","High")) -> Medium | F25: =INDEX($B$12:$B$14,MATCH(C25,$A$12:$A$14,0)) -> 1 | G25: =INDEX($B$12:$B$14,MATCH(E25,$A$12:$A$14,0)) -> 2
A26: 9 | B26: What is the value of sin 30° + cos 60°? | C26: Low | D26: =COUNTIFS(Responses!$E$2:$E$4001,A26,Responses!$I$2:$I$4001,"Correct")/COUNTIFS(Responses!$E$2:$E$4001,A26) -> 0.795 | E26: =IF(D26>=$B$3,"Low",IF(D26>=$B$4,"Medium","High")) -> Medium | F26: =INDEX($B$12:$B$14,MATCH(C26,$A$12:$A$14,0)) -> 1 | G26: =INDEX($B$12:$B$14,MATCH(E26,$A$12:$A$14,0)) -> 2
A27: 10 | B27: If x² − 7x + 12 = 0, what are the roots? | C27: Medium | D27: =COUNTIFS(Responses!$E$2:$E$4001,A27,Responses!$I$2:$I$4001,"Correct")/COUNTIFS(Responses!$E$2:$E$4001,A27) -> 0.64 | E27: =IF(D27>=$B$3,"Low",IF(D27>=$B$4,"Medium","High")) -> Medium | F27: =INDEX($B$12:$B$14,MATCH(C27,$A$12:$A$14,0)) -> 2 | G27: =INDEX($B$12:$B$14,MATCH(E27,$A$12:$A$14,0)) -> 2
A28: 11 | B28: A sum of ₹5,000 earns simple interest at 8% per annum for 3 years. Find the interest. | C28: Medium | D28: =COUNTIFS(Responses!$E$2:$E$4001,A28,Responses!$I$2:$I$4001,"Correct")/COUNTIFS(Responses!$E$2:$E$4001,A28) -> 0.65 | E28: =IF(D28>=$B$3,"Low",IF(D28>=$B$4,"Medium","High")) -> Medium | F28: =INDEX($B$12:$B$14,MATCH(C28,$A$12:$A$14,0)) -> 2 | G28: =INDEX($B$12:$B$14,MATCH(E28,$A$12:$A$14,0)) -> 2
A29: 12 | B29: The first term of an arithmetic progression is 4 and the common difference is 3. Find its 12th term. | C29: Medium | D29: =COUNTIFS(Responses!$E$2:$E$4001,A29,Responses!$I$2:$I$4001,"Correct")/COUNTIFS(Responses!$E$2:$E$4001,A29) -> 0.64 | E29: =IF(D29>=$B$3,"Low",IF(D29>=$B$4,"Medium","High")) -> Medium | F29: =INDEX($B$12:$B$14,MATCH(C29,$A$12:$A$14,0)) -> 2 | G29: =INDEX($B$12:$B$14,MATCH(E29,$A$12:$A$14,0)) -> 2
... A37: 20 | B37: A rectangle has a perimeter of 40 cm. What is its maximum possible area? | C37: High | D37: =COUNTIFS(Responses!$E$2:$E$4001,A37,Responses!$I$2:$I$4001,"Correct")/COUNTIFS(Responses!$E$2:$E$4001,A37) -> 0.45 | E37: =IF(D37>=$B$3,"Low",IF(D37>=$B$4,"Medium","High")) -> High | F37: =INDEX($B$12:$B$14,MATCH(C37,$A$12:$A$14,0)) -> 3 | G37: =INDEX($B$12:$B$14,MATCH(E37,$A$12:$A$14,0)) -> 3
A39: Assumptions: blue cells are inputs. Reward per correct answer = difficulty weight x time factor; wrong answers earn 0. Initial reward uses the original difficulty; recalibrated reward uses the revised difficulty (from the question success rate across all students). Medal depends only on Total Reward.
